completeness,homogenity
0.8015271651595983,1.0000000000000002
